angle,rate,error,relative,measurements,
90,0.2990,0.01223,0.0409,301,297
180,0.3765,0.01372,0.0364,374,379
270,0.3050,0.01235,0.0405,315,295
250,0.2675,0.01157,0.0432,272,263
230,0.2565,0.01132,0.0442,257,256
210,0.2930,0.01210,0.0413,293,293